<?xml version="1.0" encoding="UTF-8"?>
<?xml-stylesheet type="text/xsl" href="../print.xsl" 
title="Pretty print" ?>
<?xml-stylesheet type="text/css" href="../rules.css" 
title="Easy editing stylesheet" ?>
<!--
Asturian Grammar and Typo Rules for LanguageTool
Copyright (C) 2011 Xesús González Rato
$Id: grammar.xml,v 0.01 2011-07-30 01:07:04 esbardu Exp $
-->
<rules lang="ast" xsi:noNamespaceSchemaLocation="../rules.xsd" xmlns:xsi="http://www.w3.org/2001/XMLSchema-instance" xmlns:xs="http://www.w3.org/2001/XMLSchema">

  <category name="Contraiciones">

   <rulegroup id="A_CONTR" name="a + el">
    <!-- A_EL A el -> al-->
    <rule>
      <pattern>
        <token>a</token>
        <token>el</token>
      </pattern>
      <message>N'asturianu la preposición «a» contrái siempre col artículu determináu: <suggestion>al</suggestion>.</message>
      <short>N'asturianu «a»+«el» contrái</short>
      <example type="incorrect">Foi <marker>a el</marker> cine cola so hermana.</example>
      <example type="correct">Foi al cine cola so hermana.</example>
    </rule>
    <!-- A_L' A l' -> al-->
    <rule>
      <pattern>
        <token>a</token>
        <token>l</token>
        <token regexp="yes">[’´'‛′‘]</token>
        <token postag="NCMS.*" postag_regexp="yes" regexp="yes">^h?[aáeéiíoóuú].*</token>
      </pattern>
      <message>N'asturianu la preposición «a» contrái siempre col artículu determináu en cuenta d'apostrofar: <suggestion>al <match no="4"/></suggestion>.</message>
      <short>N'asturianu «a»+«l'» contrái en cuenta d'apostrofar</short>
      <example type="incorrect">Tienes que lo dicir <marker>a l'entamu</marker>.</example>
      <example type="correct">Tienes que lo dicir al entamu.</example>
    </rule>
    <!-- L'VERBU L'verbu -> la + verbu-->
    <rule>
      <pattern>
        <token>l</token>
        <token regexp="yes">[’´'‛′‘]</token>
        <token postag="V.*" postag_regexp="yes" regexp="yes">^h?[aá].*</token>
      </pattern>
      <message>N'asturianu'l pronome personal «la» nun apostrofa: <suggestion>la <match no="3"/></suggestion>.</message>
      <short>N'asturianu «la» + verbu nun apostrofa</short>
      <example type="incorrect">Nun <marker>l'aconseyara</marker> bien.</example>
      <example type="correct">Nun la aconseyara bien.</example>
    </rule>
   </rulegroup>

   <rulegroup id="DE_CONTR" name="de + el">
    <!-- DE_EL De el -> del-->
    <rule>
      <pattern>
        <token>de</token>
        <token>el</token>
      </pattern>
      <message>N'asturianu la preposición «de» contrái siempre col artículu determináu: <suggestion>del</suggestion>.</message>
      <short>N'asturianu «de»+«el» contrái</short>
      <example type="incorrect">El fíu <marker>de el</marker> so hermanu llámase Colás.</example>
      <example type="correct">El fíu del so hermanu llámase Colás.</example>
    </rule>
    <!-- DE_L' De l' -> del-->
    <rule>
      <pattern>
        <token>de</token>
        <token>l</token>
        <token regexp="yes">[’´'‛′‘]</token>
        <token postag="NCMS.*" postag_regexp="yes" regexp="yes">^h?[aáeéiíoóuú].*</token>
      </pattern>
      <message>N'asturianu la preposición «de» contrái siempre col artículu determináu en cuenta d'apostrofar: <suggestion>del <match no="4"/></suggestion>.</message>
      <short>N'asturianu «de»+«l'» contrái en cuenta d'apostrofar</short>
      <example type="incorrect">Tien les llaves <marker>de l'apartamentu</marker>.</example>
      <example type="correct">Tien les llaves del apartamentu.</example>
    </rule>
   </rulegroup>

   <rulegroup id="PA_CONTR" name="pa + el">
    <!-- PA_EL Pa el -> pal-->
    <rule>
      <pattern>
        <token>pa</token>
        <token>el</token>
      </pattern>
      <message>N'asturianu la preposición «pa» contrái siempre col artículu determináu: <suggestion>pal</suggestion>.</message>
      <short>N'asturianu «pa»+«el» contrái</short>
      <example type="incorrect">Foi <marker>pa el</marker> chigre hai dos hores.</example>
      <example type="correct">Foi pal chigre hai dos hores.</example>
    </rule>
    <!-- PA_L' Pa l' -> pal-->
    <rule>
      <pattern>
        <token>pa</token>
        <token>l</token>
        <token regexp="yes">[’´'‛′‘]</token>
        <token postag="NCMS.*" postag_regexp="yes" regexp="yes">^h?[aáeéiíoóuú].*</token>
      </pattern>
      <message>N'asturianu la preposición «pa» contrái siempre col artículu determináu en cuenta d'apostrofar: <suggestion>pal <match no="4"/></suggestion>.</message>
      <short>N'asturianu «pa»+«l'» contrái en cuenta d'apostrofar</short>
      <example type="incorrect">Les perres foron <marker>pa l'herederu</marker>.</example>
      <example type="correct">Les perres foron pal herederu.</example>
    </rule>
   </rulegroup>

   <rulegroup id="SO_CONTR" name="so + el">
    <!-- SO_EL So el -> sol-->
    <rule>
      <pattern>
        <token>so</token>
        <token>el</token>
      </pattern>
      <message>N'asturianu la preposición «so» contrái siempre col artículu determináu: <suggestion>sol</suggestion>.</message>
      <short>N'asturianu «so»+«el» contrái</short>
      <example type="incorrect">La caxa ta <marker>so el</marker> somier.</example>
      <example type="correct">La caxa ta sol somier.</example>
    </rule>
    <!-- SO_L' So l' -> sol-->
    <rule>
      <pattern>
        <token>so</token>
        <token>l</token>
        <token regexp="yes">[’´'‛′‘]</token>
        <token postag="NCMS.*" postag_regexp="yes" regexp="yes">^h?[aáeéiíoóuú].*</token>
      </pattern>
      <message>N'asturianu la preposición «so» contrái siempre col artículu determináu en cuenta d'apostrofar: <suggestion>sol <match no="4"/></suggestion>.</message>
      <short>N'asturianu «so»+«l'» contrái en cuenta d'apostrofar</short>
      <example type="incorrect">Tienes la pota <marker>so l'armariu</marker>.</example>
      <example type="correct">Tienes la pota sol armariu.</example>
    </rule>
   </rulegroup>

   <rulegroup id="CON_CONTR" name="con + artículu determináu">
    <!-- CON_LA Con la -> cola-->
    <rule>
      <pattern>
        <token>con</token>
        <token>la</token>
      </pattern>
      <message>N'asturianu la preposición «con» contrái siempre col artículu determináu: <suggestion>cola</suggestion>.</message>
      <short>N'asturianu «con»+«la» contrái</short>
      <example type="incorrect">Vieno al cine <marker>con la</marker> so hermana.</example>
      <example type="correct">Vieno al cine cola so hermana.</example>
    </rule>
    <!-- CON_EL Con el -> col-->
    <rule>
      <pattern>
        <token>con</token>
        <token>el</token>
      </pattern>
      <message>N'asturianu la preposición «con» contrái siempre col artículu determináu: <suggestion>col</suggestion>.</message>
      <short>N'asturianu «con»+«el» contrái</short>
      <example type="incorrect">Vieno al cine <marker>con el</marker> so hermanu.</example>
      <example type="correct">Vieno al cine col so hermanu.</example>
    </rule>
    <!-- CON_LO Con lo -> colo-->
    <rule>
      <pattern>
        <token>con</token>
        <token>lo</token>
      </pattern>
      <message>N'asturianu la preposición «con» contrái siempre col artículu determináu: <suggestion>colo</suggestion>.</message>
      <short>N'asturianu «con»+«lo» contrái</short>
      <example type="incorrect">Habría tar bien delgáu <marker>con lo</marker> poco que xinta.</example>
      <example type="correct">Habría tar bien delgáu colo poco que xinta.</example>
    </rule>
    <!-- CON_LES Con les -> coles-->
    <rule>
      <pattern>
        <token>con</token>
        <token>les</token>
      </pattern>
      <message>N'asturianu la preposición «con» contrái siempre col artículu determináu: <suggestion>coles</suggestion>.</message>
      <short>N'asturianu «con»+«les» contrái</short>
      <example type="incorrect">Pues mercar un pisu <marker>con les</marker> perres que tienes.</example>
      <example type="correct">Pues mercar un pisu coles perres que tienes.</example>
    </rule>
    <!-- CON_LOS Con los -> colos-->
    <rule>
      <pattern>
        <token>con</token>
        <token>los</token>
      </pattern>
      <message>N'asturianu la preposición «con» contrái siempre col artículu determináu: <suggestion>colos</suggestion>.</message>
      <short>N'asturianu «con»+«los» contrái</short>
      <example type="incorrect">Marchó pa en casa <marker>con los</marker> bolsos enllenos.</example>
      <example type="correct">Marchó pa en casa colos bolsos enllenos.</example>
    </rule>
    <!-- CON_L'a Con l'a -> cola-->
    <rule>
      <pattern>
        <token>con</token>
        <token>l</token>
        <token regexp="yes">[’´'‛′‘]</token>
        <token postag="NCFS.*" postag_regexp="yes" regexp="yes">^h?[aá].*</token>
      </pattern>
      <message>N'asturianu la preposición «con» contrái siempre col artículu determináu en cuenta d'apostrofar: <suggestion>cola <match no="4"/></suggestion>.</message>
      <short>N'asturianu «con»+«l'» contrái en cuenta d'apostrofar</short>
      <example type="incorrect">Marchóme <marker>con l'almuhada</marker>.</example>
      <example type="correct">Marchóme cola almuhada.</example>
    </rule>
    <!-- CON_L' Con l' -> col-->
    <rule>
      <pattern>
        <token>con</token>
        <token>l</token>
        <token regexp="yes">[’´'‛′‘]</token>
        <token postag="NCMS.*" postag_regexp="yes" regexp="yes">^h?[aáeéiíoóuú].*</token>
      </pattern>
      <message>N'asturianu la preposición «con» contrái siempre col artículu determináu en cuenta d'apostrofar: <suggestion>col <match no="4"/></suggestion>.</message>
      <short>N'asturianu «con»+«l'» contrái en cuenta d'apostrofar</short>
      <example type="incorrect">Metióse <marker>con l'asturianu</marker>.</example>
      <example type="correct">Metióse col asturianu.</example>
    </rule>
   </rulegroup>

   <rulegroup id="EN_CONTR" name="en + artículu determináu">
    <!-- EN_LA En la -> na-->
     <rule>
      <pattern>
        <token>en</token>
        <token>la</token>
      </pattern>
      <message>N'asturianu la preposición «en» contrái siempre col artículu determináu: <suggestion>na</suggestion>.</message>
      <short>N'asturianu «en»+«la» contrái</short>
      <example type="incorrect">Espérote <marker>en la</marker> estación.</example>
      <example type="correct">Espérote na estación.</example>
    </rule>
    <!-- EN_EL En el -> nel-->
    <rule>
      <pattern>
        <token>en</token>
        <token>el</token>
      </pattern>
      <message>N'asturianu la preposición «en» contrái siempre col artículu determináu: <suggestion>nel</suggestion>.</message>
      <short>N'asturianu «en»+«el» contrái</short>
      <example type="incorrect">Espérote <marker>en el</marker> chigre.</example>
      <example type="correct">Espérote nel chigre.</example>
    </rule>
    <!-- EN_LO En lo -> no-->
    <rule>
      <pattern>
        <token>en</token>
        <token>lo</token>
      </pattern>
      <message>N'asturianu la preposición «en» contrái siempre col artículu determináu: <suggestion>no</suggestion>.</message>
      <short>N'asturianu «en»+«lo» contrái</short>
      <example type="incorrect">Tas pensando <marker>en lo</marker> que yo.</example>
      <example type="correct">Tas pensando no que yo.</example>
    </rule>
    <!-- EN_LES En les -> nes-->
    <rule>
      <pattern>
        <token>en</token>
        <token>les</token>
      </pattern>
      <message>N'asturianu la preposición «en» contrái siempre col artículu determináu: <suggestion>nes</suggestion>.</message>
      <short>N'asturianu «en»+«les» contrái</short>
      <example type="incorrect">Tienes los llibros <marker>en les</marker> baldes.</example>
      <example type="correct">Tienes los llibros nes baldes.</example>
    </rule>
    <!-- EN_LOS En los -> nos-->
    <rule>
      <pattern>
        <token>en</token>
        <token>los</token>
      </pattern>
      <message>N'asturianu la preposición «en» contrái siempre col artículu determináu: <suggestion>nos</suggestion>.</message>
      <short>N'asturianu «en»+«los» contrái</short>
      <example type="incorrect">Tienes manches <marker>en los</marker> pies.</example>
      <example type="correct">Tienes manches nos pies.</example>
    </rule>
    <!-- EN_L'a En l'a -> na-->
    <rule>
      <pattern>
        <token>en</token>
        <token>l</token>
        <token regexp="yes">[’´'‛′‘]</token>
        <token postag="NCFS.*" postag_regexp="yes" regexp="yes">^h?[aá].*</token>
      </pattern>
      <message>N'asturianu la preposición «en» contrái siempre col artículu determináu en cuenta d'apostrofar: <suggestion>na <match no="4"/></suggestion>.</message>
      <short>N'asturianu «en»+«l'» contrái en cuenta d'apostrofar</short>
      <example type="incorrect">Cayóte agua <marker>en l'almuhada</marker>.</example>
      <example type="correct">Cayóte agua na almuhada.</example>
    </rule>
    <!-- EN_L' En l' -> nel-->
    <rule>
      <pattern>
        <token>en</token>
        <token>l</token>
        <token regexp="yes">[’´'‛′‘]</token>
        <token postag="NCMS.*" postag_regexp="yes" regexp="yes">^h?[aáeéiíoóuú].*</token>
      </pattern>
      <message>N'asturianu la preposición «en» contrái siempre col artículu determináu en cuenta d'apostrofar: <suggestion>nel <match no="4"/></suggestion>.</message>
      <short>N'asturianu «en»+«l'» contrái en cuenta d'apostrofar</short>
      <example type="incorrect">Pegó-y <marker>en l'ombligu</marker>.</example>
      <example type="correct">Pegó-y nel ombligu.</example>
    </rule>
   </rulegroup>

   <rulegroup id="PER_CONTR" name="per + artículu determináu">
    <!-- PER_LA Per la -> pela-->
    <rule>
      <pattern>
        <token>per</token>
        <token>la</token>
      </pattern>
      <message>N'asturianu la preposición «per» contrái siempre col artículu determináu: <suggestion>pela</suggestion>.</message>
      <short>N'asturianu «per»+«la» contrái</short>
      <example type="incorrect">Vien <marker>per la</marker> cera.</example>
      <example type="correct">Vien pela cera.</example>
    </rule>
    <!-- PER_EL Per el -> pel-->
    <rule>
      <pattern>
        <token>per</token>
        <token>el</token>
      </pattern>
      <message>N'asturianu la preposición «per» contrái siempre col artículu determináu: <suggestion>pel</suggestion>.</message>
      <short>N'asturianu «per»+«el» contrái</short>
      <example type="incorrect">Tien que venir <marker>per el</marker> camín.</example>
      <example type="correct">Tien que venir pel camín.</example>
    </rule>
    <!-- PER_LO Per lo -> pelo-->
    <rule>
      <pattern>
        <token>per</token>
        <token>lo</token>
      </pattern>
      <message>N'asturianu la preposición «per» contrái siempre col artículu determináu: <suggestion>pelo</suggestion>.</message>
      <short>N'asturianu «per»+«lo» contrái</short>
      <example type="incorrect">Vete <marker>per lo</marker> segao.</example>
      <example type="correct">Vete pelo segao.</example>
    </rule>
    <!-- PER_LES Per les -> peles-->
    <rule>
      <pattern>
        <token>per</token>
        <token>les</token>
      </pattern>
      <message>N'asturianu la preposición «per» contrái siempre col artículu determináu: <suggestion>peles</suggestion>.</message>
      <short>N'asturianu «per»+«les» contrái</short>
      <example type="incorrect">Ta pingándo-y <marker>per les</marker> dees.</example>
      <example type="correct">Ta pingándo-y peles dees.</example>
    </rule>
    <!-- PER_LOS Per los -> pelos-->
    <rule>
      <pattern>
        <token>per</token>
        <token>los</token>
      </pattern>
      <message>N'asturianu la preposición «per» contrái siempre col artículu determináu: <suggestion>pelos</suggestion>.</message>
      <short>N'asturianu «per»+«los» contrái</short>
      <example type="incorrect">Da-y bien <marker>per los</marker> requexos.</example>
      <example type="correct">Da-y bien pelos requexos.</example>
    </rule>
    <!-- PER_L'a Per l'a -> pela-->
    <rule>
      <pattern>
        <token>per</token>
        <token>l</token>
        <token regexp="yes">[’´'‛′‘]</token>
        <token postag="NCFS.*" postag_regexp="yes" regexp="yes">^h?[aá].*</token>
      </pattern>
      <message>N'asturianu la preposición «per» contrái siempre col artículu determináu en cuenta d'apostrofar: <suggestion>pela <match no="4"/></suggestion>.</message>
      <short>N'asturianu «per»+«l'» contrái en cuenta d'apostrofar</short>
      <example type="incorrect">Pingóte agua <marker>per l'almuhada</marker>.</example>
      <example type="correct">Pingóte aguda pela almuhada.</example>
    </rule>
    <!-- PER_L' Per l' -> pel-->
    <rule>
      <pattern>
        <token>per</token>
        <token>l</token>
        <token regexp="yes">[’´'‛′‘]</token>
        <token postag="NCMS.*" postag_regexp="yes" regexp="yes">^h?[aáeéiíoóuú].*</token>
      </pattern>
      <message>N'asturianu la preposición «per» contrái siempre col artículu determináu en cuenta d'apostrofar: <suggestion>pel <match no="4"/></suggestion>.</message>
      <short>N'asturianu «per»+«l'» contrái en cuenta d'apostrofar</short>
      <example type="incorrect">Tien rebusquinos <marker>per l'abdome</marker>.</example>
      <example type="correct">Tien rebusquinos pel abdome.</example>
    </rule>
   </rulegroup>

   <rulegroup id="POR_CONTR" name="por + artículu determináu">
    <!-- POR_LA Por la -> pola-->
    <rule>
      <pattern>
        <token>por</token>
        <token>la</token>
      </pattern>
      <message>N'asturianu la preposición «por» contrái siempre col artículu determináu: <suggestion>pola</suggestion>.</message>
      <short>N'asturianu «por»+«la» contrái</short>
      <example type="incorrect">Préstame <marker>por la</marker> vida.</example>
      <example type="correct">Préstame pola vida.</example>
    </rule>
    <!-- POR_EL Por el -> pol-->
    <rule>
      <pattern>
        <token>por</token>
        <token>el</token>
      </pattern>
      <message>N'asturianu la preposición «por» contrái siempre col artículu determináu: <suggestion>pol</suggestion>.</message>
      <short>N'asturianu «por»+«el» contrái</short>
      <example type="incorrect">Préstame <marker>por el</marker> vivir.</example>
      <example type="correct">Préstame pol vivir.</example>
    </rule>
    <!-- POR_LO Por lo -> polo-->
    <rule>
      <pattern>
        <token>por</token>
        <token>lo</token>
      </pattern>
      <message>N'asturianu la preposición «por» contrái siempre col artículu determináu: <suggestion>polo</suggestion>.</message>
      <short>N'asturianu «por»+«lo» contrái</short>
      <example type="incorrect">Nun te gusta nada, <marker>por lo</marker> que toi viendo.</example>
      <example type="correct">Nun te gusta nada, polo que toi viendo.</example>
    </rule>
    <!-- POR_LES Por les -> poles-->
    <rule>
      <pattern>
        <token>por</token>
        <token>les</token>
      </pattern>
      <message>N'asturianu la preposición «por» contrái siempre col artículu determináu: <suggestion>poles</suggestion>.</message>
      <short>N'asturianu «por»+«les» contrái</short>
      <example type="incorrect">Calló la boca <marker>por les</marker> tos pallabres.</example>
      <example type="correct">Calló la boca poles tos pallabres.</example>
    </rule>
    <!-- POR_LOS Por los -> polos-->
    <rule>
      <pattern>
        <token>por</token>
        <token>los</token>
      </pattern>
      <message>N'asturianu la preposición «por» contrái siempre col artículu determináu: <suggestion>polos</suggestion>.</message>
      <short>N'asturianu «por»+«los» contrái</short>
      <example type="incorrect">Calló la boca <marker>por los</marker> sos comentarios.</example>
      <example type="correct">Calló la boca polos sos comentarios.</example>
    </rule>
    <!-- POR_L'a Por l'a -> pola-->
    <rule>
      <pattern>
        <token>por</token>
        <token>l</token>
        <token regexp="yes">[’´'‛′‘]</token>
        <token postag="NCFS.*" postag_regexp="yes" regexp="yes">^h?[aá].*</token>
      </pattern>
      <message>N'asturianu la preposición «por» contrái siempre col artículu determináu en cuenta d'apostrofar: <suggestion>pola <match no="4"/></suggestion>.</message>
      <short>N'asturianu «por»+«l'» contrái en cuenta d'apostrofar</short>
      <example type="incorrect">Dormisti mal <marker>por l'almuhada</marker>.</example>
      <example type="correct">Dormisti mal pola almuhada.</example>
    </rule>
    <!-- POR_L' Por l' -> pol-->
    <rule>
      <pattern>
        <token>por</token>
        <token>l</token>
        <token regexp="yes">[’´'‛′‘]</token>
        <token postag="NCMS.*" postag_regexp="yes" regexp="yes">^h?[aáeéiíoóuú].*</token>
      </pattern>
      <message>N'asturianu la preposición «por» contrái siempre col artículu determináu en cuenta d'apostrofar: <suggestion>pol <match no="4"/></suggestion>.</message>
      <short>N'asturianu «por»+«l'» contrái en cuenta d'apostrofar</short>
      <example type="incorrect">Fízolo too <marker>por l'hermanu</marker> del so amigu.</example>
      <example type="correct">Fízolo too pol hermanu del so amigu.</example>
    </rule>
   </rulegroup>

   <rulegroup id="TOU_CONTR" name="tou, -a, -o + artículu determináu">
    <!-- TOU_EL Tou el -> tol-->
    <rule>
      <pattern>
        <token>tou</token>
        <token>el</token>
      </pattern>
      <message>N'asturianu l'indefiníu «tou» contrái siempre col artículu determináu: <suggestion>tol</suggestion>.</message>
      <short>N'asturianu «tou»+«el» contrái</short>
      <example type="incorrect">Lleva <marker>tou el</marker> día berrando.</example>
      <example type="correct">Lleva tol día berrando.</example>
    </rule>
    <!-- TOU_L' Tou l' -> tol-->
    <rule>
      <pattern>
        <token>tou</token>
        <token>l</token>
        <token regexp="yes">[’´'‛′‘]</token>
        <token postag="NCMS.*" postag_regexp="yes" regexp="yes">^h?[aáeéiíoóuú].*</token>
      </pattern>
      <message>N'asturianu l'indefiníu «tou» contrái siempre col artículu determináu en cuenta d'apostrofar: <suggestion>tol <match no="4"/></suggestion>.</message>
      <short>N'asturianu «tou»+«l'» contrái en cuenta d'apostrofar</short>
      <example type="incorrect">Perdió <marker>tou l'honor</marker>.</example>
      <example type="correct">Perdió tol honor.</example>
    </rule>
    <!-- TOA_LA Toa la -> tola-->
    <rule>
      <pattern>
        <token>toa</token>
        <token>la</token>
      </pattern>
      <message>N'asturianu l'indefiníu «toa» contrái siempre col artículu determináu: <suggestion>tola</suggestion>.</message>
      <short>N'asturianu «toa»+«la» contrái</short>
      <example type="incorrect">Lleva <marker>toa la</marker> falda emporcada.</example>
      <example type="correct">Lleva tola falda emporcada.</example>
    </rule>
    <!-- TOA_L'a Toa l'a -> tola-->
    <rule>
      <pattern>
        <token>toa</token>
        <token>l</token>
        <token regexp="yes">[’´'‛′‘]</token>
        <token postag="NCFS.*" postag_regexp="yes" regexp="yes">^h?[aá].*</token>
      </pattern>
      <message>N'asturianu l'indefiníu «toa» contrái siempre col artículu determináu en cuenta d'apostrofar: <suggestion>tola <match no="4"/></suggestion>.</message>
      <short>N'asturianu «toa»+«l'» contrái en cuenta d'apostrofar</short>
      <example type="incorrect">Moyó <marker>toa l'almuhada</marker>.</example>
      <example type="correct">Moyó tola almuhada.</example>
    </rule>
    <!-- TOO_LO Too lo -> tolo-->
    <rule>
      <pattern>
        <token>too</token>
        <token>lo</token>
      </pattern>
      <message>N'asturianu l'indefiníu «too» contrái siempre col artículu determináu: <suggestion>tolo</suggestion>.</message>
      <short>N'asturianu «too»+«lo» contrái</short>
      <example type="incorrect">Deprendió d'él <marker>too lo</marker> que sabe.</example>
      <example type="correct">Deprendió d'él tolo que sabe.</example>
    </rule>
    <!-- TOOS_LOS Toos los -> tolos-->
    <rule>
      <pattern>
        <token>toos</token>
        <token>los</token>
      </pattern>
      <message>N'asturianu l'indefiníu «toos» contrái siempre col artículu determináu: <suggestion>tolos</suggestion>.</message>
      <short>N'asturianu «toos»+«los» contrái</short>
      <example type="incorrect">Traxo <marker>toos los</marker> llibros que tien.</example>
      <example type="correct">Traxo tolos llibros que tien.</example>
    </rule>
    <!-- TOES_LES Toes les -> toles-->
    <rule>
      <pattern>
        <token>toes</token>
        <token>les</token>
      </pattern>
      <message>N'asturianu l'indefiníu «toes» contrái siempre col artículu determináu: <suggestion>toles</suggestion>.</message>
      <short>N'asturianu «toes»+«les» contrái</short>
      <example type="incorrect">Traxo <marker>toes les</marker> perres con ella.</example>
      <example type="correct">Traxo toles perres con ella.</example>
    </rule>
   </rulegroup>

   <rulegroup id="CADA_UN_CONTR" name="cada + artículu indefiníu">
    <!-- CADA_ÚN Cada ún -> caún-->
    <rule>
      <pattern>
        <token>cada</token>
        <token regexp="yes">ún|un[uao]</token>
      </pattern>
      <message>N'asturianu l'indefiníu «cada» contrái siempre col artículu indefiníu: <suggestion><match no="2" regexp_match="..(.?)" regexp_replace="caún$1"/></suggestion>.</message>
      <short>N'asturianu «cada» + artículu indefiníu contrái</short>
      <example type="incorrect">Vien <marker>cada ún</marker> per separtao.</example>
      <example type="correct">Vien caún per separtao.</example>
    </rule>
   </rulegroup>

    <!-- EN_ÚN En ún -> nún-->
    <rule id="EN_UN_CONTR" name="en + artículu indefiníu">
      <pattern>
        <token>en</token>
        <token regexp="yes">[uú]n|un[uao]|un[oe]s</token>
      </pattern>
      <message>N'asturianu la preposición «en» contrái siempre col indefiníu: <suggestion>n<match no="2"/></suggestion>.</message>
      <short>Contraición d'«en» + artículu indefiníu</short>
      <example type="incorrect">Metióse <marker>en un</marker> chigre.</example>
      <example type="correct">Metióse nun chigre.</example>
    </rule>
    
    <!-- EN_ÉL En él -> nél-->
    <rule id="EN_EL_CONTR" name="en + pronome personal">
      <pattern>
        <token>en</token>
        <token regexp="yes">él|ell[iao]|ell[oe]s</token>
      </pattern>
      <message>N'asturianu la preposición «en» contrái siempre col pronome personal: <suggestion>n<match no="2"/></suggestion>.</message>
      <short>Contraición d'«en» + pronome personal</short>
      <example type="incorrect">Enfotóse <marker>en él</marker>.</example>
      <example type="correct">Enfotóse nél.</example>
    </rule>

    <!-- EN_ESTI En esti -> nesti-->
    <rule id="EN_ESTI_CONTR" name="en + demostrativu">
      <pattern>
        <token>en</token>
        <token regexp="yes">est?[iao]|est?[oe]s|aquel|aquell[iao]|aquell[oe]s</token>
      </pattern>
      <message>N'asturianu la preposición «en» contrái siempre col demostrativu: <suggestion>n<match no="2"/></suggestion>.</message>
      <short>Contraición d'«en» + demostrativu</short>
      <example type="incorrect">Ta metíu <marker>en esti</marker> chigre.</example>
      <example type="correct">Ta metíu nesti chigre.</example>
    </rule>

   <rulegroup id="DOS_PREP_CONTR" name="dos preposiciones siguíes">
    <!-- PER_PA_ENTE Per/pa ente -> pente/pante-->
    <rule>
      <pattern>
        <token regexp="yes">per|pa</token>
        <token>ente</token>
      </pattern>
      <message>N'asturianu les preposiciones «per ente» y «pa ente» contraen siempre: <suggestion><match no="1" regexp_match="(..).?" regexp_replace="$1nte"/></suggestion>.</message>
      <short>Contraición de «per ente» y «pa ente»</short>
      <example type="incorrect">Vése-y <marker>per ente</marker> los árboles.</example>
      <example type="correct">Vése-y pente los árboles.</example>
    </rule>
    <!-- A_EN A en -> an-->
    <rule>
      <pattern>
        <token>a</token>
        <token>en</token>
      </pattern>
      <message>N'asturianu les preposiciones «a en» contraen siempre: <suggestion>an</suggestion>.</message>
      <short>Contraición d'«a en»</short>
      <example type="incorrect">Voi <marker>a en</marker> ca Xuan.</example>
      <example type="correct">Voi an ca Xuan.</example>
    </rule>
   </rulegroup>
    
  </category>

  <category name="Apostrofaciones">

   <rulegroup id="DETERM_APOSTR" name="el, la">
    <!-- EL: artículu determináu «el» + vocal o h muda" -> l'a- -->
    <rule>
      <pattern mark_from="1">
        <token><exception regexp="yes">a|de|pa|so|con|en|per|por|tou|que</exception></token>
        <token>el</token>
        <token regexp="yes">^[aeiouháéíóú].*</token>
      </pattern>
      <message>N'asturianu l'artículu determináu «el» apostrofa delantre de vocal o h muda: <suggestion>l'<match no="3"/></suggestion>.</message>
      <short>N'asturianu «el» + vocal o h muda apostrofa per detrás</short>
      <example type="incorrect"><marker>el home</marker></example>
      <example type="correct"><marker>l'home</marker></example>
    </rule>
    <!-- EL: vocal + artículu determináu «el» -> -a'l -->
    <rule>
      <pattern mark_to="-1">
        <token regexp="yes">.*[aeiouáéíóú]$<exception regexp="yes">a|de|pa|so|con|en|per|por|tou</exception></token>
        <token>el</token>
        <token><exception regexp="yes">^[aeiouháéíóú].*</exception></token>
      </pattern>
      <message>N'asturianu l'artículu determináu «el» apostrofa per delantre acabando en vocal la pallabra anterior: <suggestion><match no="1"/>'l</suggestion>.</message>
      <short>N'asturianu vocal + «el» apostrofa per delantre</short>
      <example type="incorrect"><marker>garra el</marker> xatu</example>
      <example type="correct"><marker>garra'l</marker> xatu</example>
    </rule>
    <!-- LA: artículu determináu «la» -> l'a- -->
    <rule>
      <pattern mark_from="1">
        <token><exception regexp="yes">con|en|per|por|toa</exception></token>
        <token>la</token>
        <token regexp="yes">^h?[aá].*<exception postag="V.*" postag_regexp="yes"/></token>
      </pattern>
      <message>N'asturianu l'artículu determináu «la» apostrofa delantre d'a o ha: <suggestion>l'<match no="3"/></suggestion>.</message>
      <short>N'asturianu «la» apostrofa</short>
      <example type="incorrect"><marker>la agonía</marker></example>
      <example type="correct"><marker>l'agonía</marker></example>
    </rule>
   </rulegroup>

   <rulegroup id="PREPOS_APOSTR" name="de, en, pa">
    <!-- PA: preposición «pa» -> p'a- -->
    <rule>
      <pattern>
        <token>pa</token>
        <token regexp="yes">^h?[aá].*</token>
      </pattern>
      <message>N'asturianu la preposición «pa» apostrofa delantre d'a o ha: <suggestion>p'<match no="2"></match></suggestion>.</message>
      <short>N'asturianu «pa» apostrofa</short>
      <example type="incorrect"><marker>pa aguantalu</marker></example>
      <example type="correct"><marker>p'aguantalu</marker></example>
    </rule>
    <!-- DE: preposición «de» -> d'a- -->
    <rule>
      <pattern>
        <token>de</token>
        <token regexp="yes">^[aeiouháéíóú].*<exception>el</exception></token>
      </pattern>
      <message>N'asturianu la preposición «de» apostrofa delantre de vocal o h muda: <suggestion>d'<match no="2"></match></suggestion>.</message>
      <short>N'asturianu «de» apostrofa</short>
      <example type="incorrect"><marker>de home</marker></example>
      <example type="correct"><marker>d'home</marker></example>
    </rule>
    <!-- EN: preposición «en» -> n'a- -->
    <rule>
      <pattern>
        <token>en</token>
        <token regexp="yes">^[aeiouháéíóú].*<exception regexp="yes">[uú]n|un[uao]|un[oe]s|[eé]l|ell[iao]|ell[oe]s|est?[iao]|est?[oe]s|aquel|aquell[iao]|aquell[oe]s</exception></token>
      </pattern>
      <message>N'asturianu la preposición «en» apostrofa delantre de vocal o h muda: <suggestion>n'<match no="2"/></suggestion>.</message>
      <short>N'asturianu «en» apostrofa</short>
      <example type="incorrect"><marker>en avientu</marker></example>
      <example type="correct"><marker>n'avientu</marker></example>
    </rule>
   </rulegroup>

   <rulegroup id="PRON_APOSTR" name="me, te, se">
    <!-- ME: pronome «me» -> m'a- -->
    <rule>
      <pattern>
        <token>me</token>
        <token regexp="yes">^[aeiouháéíóú].*</token>
      </pattern>
      <message>N'asturianu'l pronome «me» apostrofa delantre de vocal o h muda: <suggestion>m'<match no="2"/></suggestion>.</message>
      <short>N'asturianu «me» apostrofa</short>
      <example type="incorrect"><marker>me aguanta</marker></example>
      <example type="correct"><marker>m'aguanta</marker></example>
    </rule>
    <!-- TE: pronome «te» -> t'a- -->
    <rule>
      <pattern>
        <token>te</token>
        <token regexp="yes">^[aeiouháéíóú].*</token>
      </pattern>
      <message>N'asturianu'l pronome «te» apostrofa delantre de vocal o h muda: <suggestion>t'<match no="2"></match></suggestion>.</message>
      <short>N'asturianu «te» apostrofa</short>
      <example type="incorrect"><marker>te aguanta</marker></example>
      <example type="correct"><marker>t'aguanta</marker></example>
    </rule>
    <!-- SE: pronome «se» -> s'a- -->
    <rule>
      <pattern>
        <token>se</token>
        <token regexp="yes">^[aeiouháéíóú].*</token>
      </pattern>
      <message>N'asturianu'l pronome «se» apostrofa delantre de vocal o h muda: <suggestion>s'<match no="2"></match></suggestion>.</message>
      <short>N'asturianu «se» apostrofa</short>
      <example type="incorrect"><marker>se aguanta</marker></example>
      <example type="correct"><marker>s'aguanta</marker></example>
    </rule>
   </rulegroup>

   <rulegroup id="QUE_APOSTR" name="conxunción y relativu «que»">
    <!-- QUE: xenéricu -> qu'a- -->
    <rule>
      <pattern>
        <token>que</token>
        <token regexp="yes">^[aeiouháéíóú].*<exception>el</exception></token>
      </pattern>
      <message>N'asturianu la conxunción y el relativu «que» apostrofen delantre de vocal o h muda: <suggestion>qu'<match no="2"/></suggestion>.</message>
      <short>N'asturianu «que» apostrofa</short>
      <example type="incorrect"><marker>que aguanta</marker></example>
      <example type="correct"><marker>qu'aguanta</marker></example>
    </rule>
    <!-- QUE: conxunción y relativu «que el» delantre de vocal o h muda -> que l'a -->
    <rule>
      <pattern mark_from="1">
        <token>que</token>
        <token>el</token>
        <token regexp="yes">^[aeiouháéíóú].*</token>
      </pattern>
      <message>N'asturianu la conxunción y el relativu «que» apostrofen col artículu «el»: <suggestion>l'<match no="3"/></suggestion>.</message>
      <short>N'asturianu «que el» + vocal o h muda apostrofa per detrás</short>
      <example type="incorrect">que <marker>el arume</marker></example>
      <example type="correct">que <marker>l'arume</marker></example>
    </rule>
   </rulegroup>

  </category>

</rules>
