<?xml version="1.0" encoding="utf-8"?>
<!--
		English Disambiguation Rules for LanguageTool Copyright (C) 2010
		Nathan Wells		
$Id: disambiguation.xml,v 1.45 2010/09/25 11:55:08 milek_pl Exp $
	-->
<rules lang="km" xmlns:xsi="http://www.w3.org/2001/XMLSchema-instance"
         xsi:noNamespaceSchemaLocation="../disambiguation.xsd">
	<rule name="Time as an adjective" id="TIME_ADJ">
		<pattern>
			<token>ពេល</token>
			<token>ដែល</token>
		</pattern>
		<disambig postag="JJ" />
	</rule>
	<rule name="TAG AS NOUN" id="TAG_AS_NOUN">
		<pattern mark="1">
			<token regexp="yes">ការ|ភាព|សេចក្ដី</token>
			<token postag_regexp="yes" postag="VB|JJ|RB"></token>
		</pattern>
		<disambig postag="NN" />
	</rule>
	<rule name="TAG AS NOUN END" id="TAG_AS_NOUN_END">
		<pattern mark="0">
			<token postag_regexp="yes" postag="VB|JJ|RB"></token>
			<token regexp="yes">ធម៌|និយម|ករ</token>
		</pattern>
		<disambig postag="NN" />
	</rule>
	<rule name="USAGE of អស់" id="USAGE_ALL">
		<pattern mark="1">
			<token postag="PRO"></token>
			<token>អស់</token>
			<token postag="NN"></token>
		</pattern>
		<disambig postag="RB" />
	</rule>
	<rule name="CONJUNCTION ដោយសារ" id="DOWY_SA">
		<pattern mark="1">
			<token>ដោយ</token>
			<token>សារ</token>
		</pattern>
		<disambig postag="CC" />
	</rule>
    <rule name="ពេល as Adjective" id="TIME_AS_ADJ">
		<pattern mark_from="1" mark_to="-1">
			<token postag="JJ"></token>
			<token>ពេល</token>
			<token postag_regexp="yes" postag="NN|VB|PRO"></token>
		</pattern>
		<disambig postag="JJ" />
	</rule>
	<rule name="ជា + អ្នក + JJ NN JJ" id="TOBE_YOU_as_Noun">
		<pattern mark="2">
			<token>ជា</token>
			<token>អ្នក</token>
			<token postag_regexp="yes" postag="VB|NN|JJ"></token>
		</pattern>
		<disambig postag="NN" />
		<!--Sample: ជា​អ្នក​សង្គ្រោះ​របស់​គេ -->
		</rule>
	<rule name="ជា + អ្នក + JJ NN JJ2" id="TOBE_YOU_as_Noun2">
		<pattern mark="1">
			<token>ជា</token>
			<token>អ្នក</token>
			<token postag_regexp="yes" postag="VB|NN|JJ"></token>
		</pattern>
		<disambig postag="NN" />
		<!--Sample: ជា​អ្នក​សង្គ្រោះ​របស់​គេ THIS IS TO MARK អ្នក​ as a noun as well -->
	</rule>
	<rule name="CLS + អ្នក + VB NN JJ" id="CLS_YOU_as_Noun">
		<pattern mark="2">
			<token postag="CLS"></token>
			<token>អ្នក</token>
			<token postag_regexp="yes" postag="VB|NN|JJ"></token>
		</pattern>
		<disambig postag="NN" />
		<!--Sample: អាន​ជា​មួយ​ក្រុម​អ្នក​សិល្បៈ​នោះ -->
	</rule>
	<rule name="CLS + អ្នក + VB NN JJ2" id="CLS_YOU_as_Noun2">
		<pattern mark="1">
			<token postag="CLS"></token>
			<token>អ្នក</token>
			<token postag_regexp="yes" postag="VB|NN|JJ"></token>
		</pattern>
		<disambig postag="NN" />
		<!--Sample: អាន​ជា​មួយ​ក្រុម​អ្នក​សិល្បៈ​នោះ THIS IS TO MARK អ្នក​ as a noun as well -->
	</rule>
	<rule name="Noun + ផ្ទាល់" id="NOUN_PTOAL">
		<pattern mark="1">
			<token postag="NN"><exception postag_regexp="yes" postag="PRO|PRP"></exception></token>
			<token>ផ្ទាល់</token>
			<token postag="PRO"></token>
		</pattern>
		<disambig postag="PRO" />
		<!--Sample: រឿង​ផ្ទាល់​ខ្លួន -->
	</rule>
	<rule name="VERB + ផ្ទាល់" id="VERB_PTOAL">
		<pattern mark="2">
			<token postag="VB"></token>
			<token postag="PRO"></token>
			<token>ផ្ទាល់</token>
		</pattern>
		<disambig postag="PRO" />
		<!--Sample: បាន​ជា​គេ​ផ្ទាល់​ឲ្យ -->
	</rule>
	<rule name="ADJ + ផ្ទាល់" id="ADJ_PTOAL">
		<pattern mark="1">
			<token postag="RB"><exception postag_regexp="yes" postag="PRO|PRP"></exception></token>
			<token>ផ្ទាល់</token>
			<token postag="PRO"></token>
		</pattern>
		<disambig postag="PRO" />
		<!--Sample: ទង្វើ​ល្អ​ផ្ទាល់​ខ្លួន -->
	</rule>
	<rule name="theself" id="self_PTOAL">
		<pattern mark="1">
			<token>ខ្លួន</token>
			<token>ឯង</token>
			<token>ផ្ទាល់</token>
        </pattern>
        <disambig postag="PRO" /> 
		<!--NEED THREE TO TAG THESE THIS IS 1 Sample: ខ្លួនឯងផ្ទាល់ --> 		
    </rule>
	<rule name="theself2" id="self_PTOAL2">
		<pattern mark="2">
			<token>ខ្លួន</token>
			<token>ឯង</token>
			<token>ផ្ទាល់</token>
        </pattern>
        <disambig postag="PRO" /> 
		<!--NEED THREE TO TAG THESE THIS IS 2 Sample: ខ្លួនឯងផ្ទាល់ --> 		
    </rule>
	<rule name="theself3" id="self_PTOAL3">
		<pattern mark="0">
			<token>ខ្លួន</token>
			<token>ឯង</token>
			<token>ផ្ទាល់</token>
        </pattern>
        <disambig postag="PRO" /> 
		<!--NEED THREE TO TAG THESE THIS IS 3 Sample: ខ្លួនឯងផ្ទាល់ --> 		
    </rule>
	<rule name="ផ្ទាល់ as verb" id="VERB_PTOAL2">
		<pattern mark="1">
			<token postag_regexp="yes" postag="PRO|NNP"></token>
			<token>ផ្ទាល់</token>
			<token postag_regexp="yes" postag="PRO|NNP"></token>
		</pattern>
		<disambig postag="VB" />
		<!--Sample: ខចាំ​មើល​អញ​ផ្ទាល់​វា​​ម្ដង-->
	</rule>
	<rule name="ឯង as pronoun" id="Ing-pronoun">
		<pattern mark="1">
			<token postag_regexp="yes" postag="PRO|NNP"></token>
			<token>ឯង</token>
        </pattern>
        <disambig postag="PRO" /> 
		<!--NEED THREE TO TAG THESE THIS IS 3 Sample: ខ្លួនឯង --> 		
    </rule>
	<rule name="ផ្ទាល់ as pronoun" id="ptoal-pronoun">
		<pattern mark="1">
			<token postag_regexp="yes" postag="PRO|NNP"></token>
			<token>ផ្ទាល់</token>
        </pattern>
        <disambig postag="PRO" /> 
		<!--NEED THREE TO TAG THESE THIS IS 3 Sample: ខ្លួនផ្ទាល់ --> 		
    </rule>
	<rule name="តែមួយ" id="timoy">
		<pattern>
			<token postag="NN"></token>
			<token>តែ</token>
			<token>មួយ</token>
		</pattern>
		<disambig postag="JJ" />
		<!--Sample: និង​ជា​ព្រះ​ក្នុង​ពេល​តែ​មួយ -->
	</rule>
	<rule name="ជាយួរ" id="TOBE_LONG">
		<pattern mark_from="1" mark_to="-1">
			<token>ជា</token>
			<token>យូរ</token>
			<token postag="NN"></token>
		</pattern>
		<disambig postag="RB" />
		<!--Sample: ជា​យូរ​ឆ្នាំ​មក​ហើយ  -->
	</rule>
	<rule name="ADJ + ចិត្ត" id="ADJ_HEART">
		<pattern mark_from="2">
			<token postag="PRO"></token>
			<token postag="JJ"></token>
			<token>ចិត្ត</token>
		</pattern>
		<disambig postag="JJ" />
		<!--Sample: អ្នក​សប្បាយ​ចិត្ត  -->
	</rule>
	<rule name="NUM +ចំនួន" id="NUM_AMOUNT">
		<pattern mark_from="0" mark_to="-1">
			<token postag="NUM"></token>
			<token>ចំនួន</token>
		</pattern>
		<disambig postag="NUM" />
		<!--Sample: ក្មេង​មួយ​ចំនួន​ពុំ​មាន  -->
	</rule>
	<rule name="ជាមួយ" id="WITH_PREP">
		<pattern>
			<token>ជា</token>
			<token>មួយ</token>
		</pattern>
		<disambig postag="IN" />
		<!--Sample: អាន​ជា​មួយ​ក្រុម​អ្នក​សិល្បៈ​នោះ  -->
	</rule>
	<rule name="នៅជាមួយ" id="WITH_PREP2">
		<pattern>
			<token>នៅ</token>
			<token>ជា</token>
			<token>មួយ</token>
		</pattern>
		<disambig postag="IN" />
		<!--Sample: នៅ​ជា​មួយ​ទ្រង់ -->
	</rule>
	<rule name="PAST TENSE VERB បាន" id="PAST_TENSE_VERB">
		<pattern mark_from="0" mark_to="-1">
			<token>បាន</token>
			<token postag="VB"></token>
		</pattern>
		<disambig postag="PAS" />
		<!--Sample: អ្នក​រាល់​គ្នា​បាន​សង្គ្រោះ -->
	</rule>
	<rule name="យ៉ាង as Adverb Marker" id="ADVERB_MARKER">
		<pattern mark_from="0" mark_to="-1">
			<token>យ៉ាង</token>
			<token postag_regexp="yes" postag="JJ|RB"></token>
		</pattern>
		<disambig postag="RB" />
		<!--Sample: អនាង​បាន​ប្រលែង​នឹង​ប្អូន​យ៉ាង​ទន់ភ្លន់ -->
	</rule>
	<rule name="មុន as Preposition" id="MON_PREP">
		<pattern mark_from="0" mark_to="-1">
			<token>មុន</token>
			<token>ពេល</token>
		</pattern>
		<disambig postag="IN" />
		<!--Sample: មុន​ពេល​គេង -->
	</rule>
</rules>