<?xml version="1.0" encoding="UTF-8"?>
<description xmlns="http://openoffice.org/extensions/description/2006"
	xmlns:d="http://openoffice.org/extensions/description/2006"
	xmlns:xlink="http://www.w3.org/1999/xlink">
	<identifier value="org.openoffice.languagetool.oxt" />
	<display-name>
		<name lang="en-US">LanguageTool. Open source language checker</name>
        <name lang="de">LanguageTool. Stil- und Grammatikprüfung</name>
		<name lang="sk">LanguageTool. Open source jazyková kontrola.</name>
		<name lang="pl">LanguageTool. Wolnodostępne narzędzie korektorskie.</name>
		<name lang="fr">LanguageTool. Correcteur grammatical Open Source</name>
		<name lang="be">LanguageTool. Свободная карэктарская прылада</name>
		<name lang="sl">LanguageTool. Odprto-kodni slovnični pregledovalnik.</name>
		<name lang="ru">LanguageTool. Программа для проверки грамматики. Open Source.</name>
		<name lang="gl">LanguageTool. Corrector gramatical de código aberto.</name>
		<name lang="es">LanguageTool. Corrector gramatical de código abierto.</name>
		<name lang="is">LanguageTool. Opinn hugbúnaður sem leiðréttir málfar.</name>
		<name lang="da">LanguageTool. Open source grammatikkontrol.</name>
		<name lang="eo">LanguageTool. Libera gramatika kontrolilo.</name>
		<name lang="ast">LanguageTool. Correutor gramatical de códigu abiertu.</name>
		<name lang="zh">LanguageTool. 开源的语言检查工具</name>
		<name lang="br">LanguageTool. Reizher reizhskrivadurel frank.</name>
	</display-name>
	<version value="1.7" />
	<release-notes>
		<src xlink:href="CHANGES.txt" lang="en" />
	</release-notes>
	<icon>
		<default xlink:href="images/LanguageToolBig.png" />
	</icon>
	<publisher>
        <name xlink:href="http://www.languagetool.org" lang="en">LanguageTool</name>
    </publisher>	
	<dependencies>
		<OpenOffice.org-minimal-version value="3.0.1" d:name="OpenOffice.org 3.0.1" />
	</dependencies>
	<update-information>
	    <src xlink:href="http://www.languagetool.org/languagetool.update.xml" />
	</update-information>
</description>

